,Hash Value,Nodes,Edges,Highest-Indegree,Hightes-Outdegree,Highest-Degree,Average Degree,Network diameter,Graph Density,Average Authority Score,Average Hub Score,Average PageRank,Average Closeness Centrality,Average Harmonic Closeness Centrality,Average Eigenvector Centrality,Average betweenness centrality,Modularity score,Average Clustering Coefficient,Average Path Length,Assortativity,No of function calls,No of logical calls,No of Arithmetic instructions,No of transfer instructions,No of move instructions,No of compare instructions,Total No of instructions,No of numeric constants,Class
0,e12405096f83b30b712d200b2fc42ce595e1d1254a631d989714b4fa423ef4c4,25,29,2,2,4,1.16,7,0.048333333,0.04,0.04,0.04,3.358819563,3.358819563,0.097980276,0.124202899,0.619500595,0.073333333,6.180981595,-0.221052632,1,8,0,1,17,2,43,9,Ransom
1,19c918c7fc1714a813824bdf9e95492e53b7df2fe1146e4447170be6ab29a54b,50,65,3,2,5,1.3,13,0.026530612,0.02,0.02,0.02,5.225088594,5.225088594,0.055994862,0.085170068,0.702248521,0.022666667,8.420699926,0.153474147,1,24,0,1,56,1,138,29,Ransom
2,82912f5028c1e1dfb309799eb644e5c4e40d64ff674cdb8004e610a585dab1f3,55,62,2,2,4,1.127272727,14,0.020875421,0.018181818,0.018181818,0.018181818,4.342973583,4.342973583,0.061113862,0.105533321,0.721904266,0.043939394,12.26326531,0.039929785,1,1,0,1,152,3,174,23,Ransom
3,5c702973ae1cf4d32ffe123c59701f54218815c3dcef513889fa56db5861efd2,60,67,2,2,4,1.116666667,24,0.018926554,0.016666667,0.016666667,0.016666667,4.379361254,4.379361254,0.069513102,0.122569647,0.747382491,0.063888889,14.79450549,-0.01436863,1,4,0,1,12,1,29,8,Ransom
4,84e1c9aec8af37a0eef9f5c80f64818edd51c3b9a656fcbd755b4bc06557222c,60,67,2,2,4,1.116666667,24,0.018926554,0.016666667,0.016666667,0.016666667,4.379361254,4.379361254,0.069513102,0.122569647,0.747382491,0.063888889,14.79450549,-0.01436863,1,5,0,1,59,3,77,18,Ransom
5,2b5be925077d9c7683941e2e786ef9dfc440696f42fe910eefa9e8b97d7a374f,64,75,4,2,4,1.171875,16,0.01860119,0.015625,0.015625,0.015625,4.401710923,4.401710923,0.052230774,0.086941564,0.739022222,0.020833333,12.97899392,0.297007889,1,4,0,1,12,1,33,8,Ransom
6,1c5332b18172c1b5eb3e2e25926a4e06f9572835c624f7f86297d431f9520310,81,90,5,2,6,1.111111111,25,0.013888889,0.012345679,0.012345679,0.012345679,4.478953215,4.478953215,0.05702906,0.087619159,0.769382716,0.010288066,17.22798115,0.33204455,1,5,0,1,20,2,29,11,Ransom
7,d9cc54dc35b410cc11ab84e7140228e0da17ac3903121d89ba3d6c16ba9271bd,82,94,3,2,4,1.146341463,24,0.014152364,0.012195122,0.012195122,0.012195122,4.330603723,4.330603723,0.028135895,0.081131436,0.783272974,0,17.12743628,-0.302044594,1,3,0,1,6,2,17,5,Ransom
8,f41d0e00ffe1f8932eda937bb8d32a83c8992c1f596bd3a741c08190925c9e64,87,96,5,2,6,1.103448276,24,0.012830794,0.011494253,0.011494253,0.011494253,4.550936024,4.550936024,0.055389692,0.075146626,0.758789063,0.009578544,16.85904255,0.349634529,1,4,0,1,14,1,24,5,Ransom
9,564bbadaeccdde2d66e348268b88567aedf77bac96000e4f06b65eb56bf6412e,88,101,4,2,4,1.147727273,37,0.013192268,0.011363636,0.011363636,0.011363636,4.648999584,4.648999584,0.045287484,0.088533693,0.772767376,0.024621212,18.63757576,0.281180703,1,3,0,1,6,2,17,5,Ransom
10,921f640010af7f9b911dfa6c9948cf64b2e5a53163068ed59d25add29ed06255,88,101,4,2,4,1.147727273,37,0.013192268,0.011363636,0.011363636,0.011363636,4.648999584,4.648999584,0.045287484,0.088533693,0.772767376,0.024621212,18.63757576,0.281180703,1,1,0,1,3,1,17,7,Ransom
11,acc48361d19da47574b3b219b52973940a399e909b3342fc2ff5a2471db77e2e,88,101,4,2,4,1.147727273,37,0.013192268,0.011363636,0.011363636,0.011363636,4.648999584,4.648999584,0.045287484,0.088533693,0.772767376,0.024621212,18.63757576,0.281180703,1,6,0,1,45,3,59,18,Ransom
12,ae06c939e688ad717a47dbfa8760a0c67ce829365261a43ee5daaf9326ef51fa,88,101,4,2,4,1.147727273,37,0.013192268,0.011363636,0.011363636,0.011363636,4.648999584,4.648999584,0.045287484,0.088533693,0.772767376,0.024621212,18.63757576,0.281180703,1,17,0,1,47,1,76,21,Ransom
13,365d43314377c70b1660e5c2a4167de08847d0c826bb78a6ac62a48ad867d761,89,97,5,2,6,1.08988764,30,0.012385087,0.011235955,0.011235955,0.011235955,5.21080369,5.21080369,0.077794455,0.119879539,0.76745669,0.00411985,19.02407776,0.483709926,1,6,0,1,55,3,77,20,Ransom
14,5639ebb53ec8e33d90129b9063d76abf83d40c5f85eba843346c9dbd141a8150,90,107,5,2,6,1.188888889,27,0.013358302,0.011111111,0.011111111,0.011111111,5.105664453,5.105664453,0.05275224,0.079846215,0.753166215,0.02037037,17,0.132138683,1,6,0,1,63,3,82,19,Ransom
15,f86d6be02135061051c644837921f72b6d172d0ad8e6ee6e22c6b50ef546fb4c,90,103,5,2,6,1.144444444,26,0.012858926,0.011111111,0.011111111,0.011111111,4.836638439,4.836638439,0.051687598,0.082821189,0.77415402,0.02037037,17.86115129,0.294243086,1,1,0,1,3,1,16,4,Ransom
16,f366cd462f615e7937e7e8add59f829db8f29d4a370c7eb74de8c5b3610d81bf,91,97,2,2,4,1.065934066,21,0.011843712,0.010989011,0.010989011,0.010989011,5.130144316,5.130144316,0.082855976,0.122710623,0.767669253,0,21.05701459,0.288021202,1,1,0,1,3,1,17,7,Ransom
17,c3b5e6d554dcf4ff92f2f5dc083b0cbf0fd853fb991cc51bcd2ac0d91d77f890,94,107,5,2,6,1.138297872,27,0.012239762,0.010638298,0.010638298,0.010638298,4.809509426,4.809509426,0.048057493,0.073676057,0.77989344,0.019503546,17.49316978,0.307670857,1,6,0,1,59,3,77,20,Ransom
18,dffa2f4760a3032ba91104dd8e887c7a93edfc2d23fe6abcf0b4630718e7d32f,95,126,2,2,4,1.326315789,22,0.014109742,0.010526316,0.010526316,0.010526316,6.674398734,6.674398734,0.0622784,0.084768029,0.814688838,0.071052632,15.66499791,0.079133065,1,9,0,1,9,1,30,6,Ransom
19,65240612491a34850e73068b0f96bdd108934b3602dbc7aa1af978ef9bd5911d,95,126,2,2,4,1.326315789,22,0.014109742,0.010526316,0.010526316,0.010526316,6.674398734,6.674398734,0.0622784,0.084768029,0.814688838,0.071052632,15.66499791,0.079133065,1,15,0,1,23,1,68,16,Ransom
20,494c78e5b3cac79dcb8943eefc3f536e0a6f29e8f08d12937440228e1125fb20,101,117,2,2,4,1.158415842,29,0.011584158,0.00990099,0.00990099,0.00990099,5.228312632,5.228312632,0.041818555,0.102885289,0.804952882,0.117161716,21.44033413,-0.057042402,1,15,0,1,19,1,75,17,Ransom
21,4541a514d84bd064e5c1d51d53027c98b3126b220bc88a460472b717f0d0031a,101,117,2,2,4,1.158415842,29,0.011584158,0.00990099,0.00990099,0.00990099,5.228312632,5.228312632,0.041818555,0.102885289,0.804952882,0.117161716,21.44033413,-0.057042402,1,1,0,1,3,1,17,7,Ransom
22,edaf1c4142018e5d7fd7fa6876b3bd2412b595eea551d4e580c76a1e4bd7a3e4,101,117,2,2,4,1.158415842,29,0.011584158,0.00990099,0.00990099,0.00990099,5.228312632,5.228312632,0.041818555,0.102885289,0.804952882,0.117161716,21.44033413,-0.057042402,1,4,0,1,4,1,13,6,Ransom
23,584b00ac6fd0e23a990660ad402eb1b3b6aeff925532bda862b7a557e295c0a3,101,117,2,2,4,1.158415842,29,0.011584158,0.00990099,0.00990099,0.00990099,5.228312632,5.228312632,0.041818555,0.102885289,0.804952882,0.117161716,21.44033413,-0.057042402,1,24,0,1,56,1,138,29,Ransom
24,1a073c50c9ada807c89b283b4baf7364b56950cddb2085c95a53923c7259ba29,108,140,4,2,6,1.296296296,29,0.012114919,0.009259259,0.009259259,0.009259259,7.869120018,7.869120018,0.036671032,0.158618899,0.794642857,0.025617284,21.70035177,-0.458512087,1,4,0,1,29,1,43,22,Ransom
25,10913fe9bb3a5d9353e82710753d34612a70f7d31b71d248b60f84d95440bc5f,108,140,4,2,6,1.296296296,29,0.012114919,0.009259259,0.009259259,0.009259259,7.869120018,7.869120018,0.036671032,0.158618899,0.794642857,0.025617284,21.70035177,-0.458512087,1,7,0,1,63,3,7068,3534,Ransom
26,923b634e7aec93d2ea13f0aa3f70b2c96b2655568676a43b546d7224e1a2c925,112,118,3,2,4,1.053571429,63,0.009491634,0.008928571,0.008928571,0.008928571,5.004461574,5.004461574,0.038423644,0.140932491,0.765297328,0,30.36667175,0.363495574,1,21,0,1,53,1,90,28,Ransom
27,d694ddd144c3ed173c298928eb69eac21239400ee69e4d905614ab5a521390ca,129,141,4,2,4,1.093023256,43,0.008539244,0.007751938,0.007751938,0.007751938,5.062002267,5.062002267,0.023472459,0.106414137,0.804335798,0.006459948,29.781004,0.350587979,1,7,0,1,63,3,79,18,Ransom
28,ea4719767c648a00159be39696145369926a07d350744647650c74169dbd2049,130,140,4,2,5,1.076923077,75,0.008348241,0.007692308,0.007692308,0.007692308,5.34086638,5.34086638,0.038924483,0.160487944,0.787040816,0,37.28353177,0.470461667,1,8,0,1,56,3,73,17,Ransom
29,7c57d412e166c6f24336128013c92403a3c4bd9a013e4c5db5079e110e8efc98,132,142,4,2,5,1.075757576,72,0.00821189,0.007575758,0.007575758,0.007575758,5.565293279,5.565293279,0.039250266,0.170571985,0.794237255,0,38.01661033,0.468620031,1,7,0,1,43,1,77,16,Ransom
30,91ef42b0f28693e070c042894f5a6283ad8d4441f66599f59e5e9561ab988371,132,142,4,2,5,1.075757576,76,0.00821189,0.007575758,0.007575758,0.007575758,5.418164367,5.418164367,0.039911684,0.167349063,0.788930768,0,38.26337693,0.501925041,1,8,0,1,17,2,43,9,Ransom
31,adbf5979c8073c811b4dc30bd0034297b7592b93d4ed0da44d1241339b5f235d,134,151,6,2,7,1.126865672,56,0.008472674,0.007462687,0.007462687,0.007462687,6.234723098,6.234723098,0.024454371,0.157868807,0.789307487,0.006218905,33.13755194,0.095904469,1,6,0,1,72,1,91,19,Ransom
32,a8de12a83d85bb160b9bddee0a9c3dd0a6c02b9328b76b1caf4351aba08736a8,137,154,6,2,7,1.124087591,57,0.00826535,0.00729927,0.00729927,0.00729927,6.254706576,6.254706576,0.028796043,0.161448245,0.78364817,0.006082725,34.47270778,0.113333797,1,7,0,1,43,1,77,16,Ransom
33,65587cdb03037039ac731a3975d923597b0df77e433d6b94e269932705b95954,139,156,6,2,7,1.122302158,55,0.008132624,0.007194245,0.007194245,0.007194245,6.204820324,6.204820324,0.027873608,0.153404538,0.793187048,0.005995204,34.32765465,0.115967947,1,21,0,1,53,1,91,29,Ransom
34,795be391d2d68d9965a0904e500f4ed0bf144f20d60d8ec1bceb23249a37bd98,141,158,6,2,7,1.120567376,56,0.008004053,0.007092199,0.007092199,0.007092199,6.187550478,6.187550478,0.026875972,0.146669291,0.798469797,0.005910165,33.98884789,0.093309683,1,8,0,1,17,2,43,9,Ransom
35,e95190b32b51927565b3283e320ae040a6ed9b46a1f5034ebf91281838f05768,151,170,6,2,7,1.125827815,59,0.007505519,0.006622517,0.006622517,0.006622517,6.120325587,6.120325587,0.027225925,0.139052106,0.804429066,0.005518764,36.1908334,0.092854971,1,8,0,1,17,2,43,9,Ransom
36,ab8098ed6fbdd6a5a33ee58279229d9cb76d67141afce64fb6dff63f73bfd88d,155,171,4,2,5,1.103225806,35,0.007163804,0.006451613,0.006451613,0.006451613,5.757655215,5.757655215,0.036575097,0.114392228,0.830751342,0.013978495,35.89746804,-0.015889269,1,1,0,1,3,1,16,4,Ransom
37,5b636729d6c705d4edd2a72192c43c5febb343d3564f2c86aebdd2edf32b6522,156,214,4,2,6,1.371794872,19,0.008850289,0.006410256,0.006410256,0.006410256,8.101288734,8.101288734,0.024374744,0.031660544,0.844287711,0.053846154,12.84496982,0.077888516,1,21,0,1,49,1,84,25,Ransom
38,713671eb1fc1ed4a0a0ff7aeae701565917ea4ea178cc0e32a92d2d15e0e23dc,156,214,4,2,6,1.371794872,19,0.008850289,0.006410256,0.006410256,0.006410256,8.101288734,8.101288734,0.024374744,0.031660544,0.844287711,0.053846154,12.84496982,0.077888516,1,19,0,1,20,1,72,16,Ransom
39,035ced861b8bcf05990463468f231cd114bbf88174e4c5f4d163549fb9ade405,156,172,4,2,5,1.102564103,35,0.007113317,0.006410256,0.006410256,0.006410256,5.757323227,5.757323227,0.036341264,0.114824154,0.831969984,0.013888889,36.26542904,-0.014523571,1,7,0,1,43,1,77,16,Ransom
40,c92198b58ecf8e833282304f5f64057db2245056907cb3108b4799603718bd39,165,184,6,2,7,1.115151515,79,0.006799704,0.006060606,0.006060606,0.006060606,6.269471547,6.269471547,0.024484606,0.167583058,0.818023393,0.005050505,43.35482577,0.137852742,1,3,0,1,5,1,13,12,Ransom
41,698137e240dd02040a2d2ddbd475b2baf5947817e5c25fa9a66fd723291e7b4d,166,180,5,2,5,1.084337349,105,0.006571742,0.006024096,0.006024096,0.006024096,5.877409332,5.877409332,0.019019322,0.238116769,0.841574074,0.015060241,54.05839452,0.263201644,1,7,0,1,62,1,102,24,Ransom
42,ad080099c5453642b35354c8a3ed6070bb4e3a57d3d0f68c150add4df9373641,166,180,5,2,5,1.084337349,105,0.006571742,0.006024096,0.006024096,0.006024096,5.877409332,5.877409332,0.019019322,0.238116769,0.841574074,0.015060241,54.05839452,0.263201644,1,6,0,1,70,2,86,19,Ransom
43,ed0530f42899a5962488cf69d5ac0caca972c489c87b238c5ccfd36a268a5c82,170,185,4,2,4,1.088235294,68,0.006439262,0.005882353,0.005882353,0.005882353,6.156572858,6.156572858,0.037143869,0.201590755,0.832987582,0.014705882,48.58540403,0.216198159,1,7,0,1,50,3,66,18,Ransom
44,4a799b317fde5e2fb464ec9a990e028c814aa5347a76c9ddc8a955721dd2160c,171,191,5,2,6,1.116959064,75,0.006570347,0.005847953,0.005847953,0.005847953,6.417532313,6.417532313,0.017053361,0.150514062,0.836161289,0.014619883,40.93728054,0.123237839,1,8,0,1,17,2,43,9,Ransom
45,f89152622e12d3ae097cfaeefa3af2980960fc1cefc6c15d37ea5566e5097f73,174,192,6,2,7,1.103448276,91,0.006378314,0.005747126,0.005747126,0.005747126,6.345251717,6.345251717,0.020970345,0.18580296,0.818739149,0.004789272,48.26432432,0.120679142,1,2,0,1,4,2,16,5,Ransom
46,6a99249b19a7113630d38224c15d94cf63f060945c056c99c1ed46adaf4f1f2f,177,193,4,2,4,1.09039548,56,0.006195429,0.005649718,0.005649718,0.005649718,5.278621569,5.278621569,0.021402682,0.121271003,0.839780934,0.007532957,45.81280087,0.419694893,1,12,0,1,18,1,70,15,Ransom
47,2cbef62c0f3720a2e41fcbf4c262b2c96f71f1c598e359ce59c85a14123558e3,177,193,4,2,4,1.09039548,56,0.006195429,0.005649718,0.005649718,0.005649718,5.278621569,5.278621569,0.021402682,0.121271003,0.839780934,0.007532957,45.81280087,0.419694893,1,8,0,1,17,2,43,9,Ransom
48,e94e0ad3c5f1fb142a2ea07c4af70ae674165b657404b1904e695707096a0aa8,177,193,4,2,4,1.09039548,56,0.006195429,0.005649718,0.005649718,0.005649718,5.278621569,5.278621569,0.021402682,0.121271003,0.839780934,0.007532957,45.81280087,0.419694893,1,23,0,1,71,1,115,34,Ransom
49,2ba6c77bb36a5e67f7a010421d83ceb823e23356af500c4b73212552c98c93b7,178,195,4,2,4,1.095505618,57,0.006189297,0.005617978,0.005617978,0.005617978,5.325093116,5.325093116,0.023271262,0.121308063,0.842550953,0.007490637,45.97304889,0.421003705,1,15,0,1,19,1,75,17,Ransom
50,6bf16b7fb575b8c7a9886791e99b19e73fa2a356ed7ad7a3b47322831155a5cd,178,194,4,2,4,1.08988764,63,0.006157557,0.005617978,0.005617978,0.005617978,5.281835147,5.281835147,0.021282443,0.121622216,0.840525029,0.007490637,46.1771643,0.420353428,1,15,0,1,21,1,81,19,Ransom
51,daa8ffff8c7aec1e4efc9a98082cd6423336a01812356693034a84c1b6775620,182,198,4,2,4,1.087912088,67,0.006010564,0.005494505,0.005494505,0.005494505,5.899466217,5.899466217,0.018335856,0.15484353,0.840016325,0.013736264,47.33180235,0.191130843,1,4,0,1,8,1,22,6,Ransom
52,96be678e476cdaeee671ff01270102046a5e08e5eb0ced5ea2f596c008ad1962,182,198,4,2,4,1.087912088,67,0.006010564,0.005494505,0.005494505,0.005494505,5.899466217,5.899466217,0.018335856,0.15484353,0.840016325,0.013736264,47.33180235,0.191130843,1,3,0,1,5,1,13,12,Ransom
53,94c28c556fa1904adf6acaecf0a8d27e2f0d8d7ee74cce5cd20c6a0995f649d5,183,199,4,2,5,1.087431694,34,0.005974899,0.005464481,0.005464481,0.005464481,5.754132139,5.754132139,0.03099534,0.125260393,0.844473624,0.011839709,46.48623245,0.01616005,1,6,0,1,70,2,86,19,Ransom
54,3b2f8194cedf9eb4ee78ebf26d60c7a4fd1853c0fe18408b0cbea67758cf39b3,197,211,5,2,6,1.07106599,85,0.005464622,0.005076142,0.005076142,0.005076142,6.283657745,6.283657745,0.027042399,0.217661707,0.844747423,0.008460237,59.24247379,0.272626248,1,1,0,1,3,1,16,4,Ransom
55,c6381e133f8c033254ac5ee8a1772c0eeadb49cd232e0b2f07743f7e69adf357,197,211,5,2,6,1.07106599,85,0.005464622,0.005076142,0.005076142,0.005076142,6.283657745,6.283657745,0.027042399,0.217661707,0.844747423,0.008460237,59.24247379,0.272626248,1,11,0,1,18,1,58,15,Ransom
56,030dfdd376df50875e6e1a4ab5a103dc24cb6d014e975f928b84bfec669d2933,197,211,5,2,6,1.07106599,85,0.005464622,0.005076142,0.005076142,0.005076142,6.283657745,6.283657745,0.027042399,0.217661707,0.844747423,0.008460237,59.24247379,0.272626248,1,8,0,1,17,2,43,9,Ransom
57,f51ab79090550856f5dff1f62ea90587542fb44cc9945851902318463ecc78dd,217,237,4,2,6,1.092165899,70,0.005056324,0.004608295,0.004608295,0.004608295,5.739955094,5.739955094,0.024294392,0.062255246,0.85839164,0.01344086,36.74166524,-0.199234607,1,5,0,1,9,1,62,6,Ransom
58,3fcd45fb423b99a28a374f9b07f7a8b12001f38bcf184ce6db3dc0ce7c81d585,228,251,5,2,6,1.100877193,125,0.004849679,0.004385965,0.004385965,0.004385965,6.646349902,6.646349902,0.012793137,0.194008116,0.860843479,0.010964912,63.94543387,0.097678096,1,10,0,1,34,1,70,18,Ransom
59,e329277b035beecf4f2119cd067b4682904e8f1a095180b397094b23a887d9bb,265,275,4,2,4,1.037735849,117,0.003930818,0.003773585,0.003773585,0.003773585,5.442676212,5.442676212,0.021386437,0.141688406,0.865864463,0,79.05275923,0.450520531,1,7,0,1,62,1,102,24,Ransom
60,9ae73d2ef3111eb252a05d5093e5f959c86915c377920190d9de45a9d49a0b86,296,306,4,2,4,1.033783784,133,0.003504352,0.003378378,0.003378378,0.003378378,5.72219792,5.72219792,0.018688776,0.15366772,0.874674271,0,89.0252159,0.508149418,1,8,0,1,56,3,73,17,Ransom
61,d6976f52f163bf30ce31fd3ff9fb542ec0b15bcae0d9daa09b80c37d828f63e8,389,511,5,2,7,1.313624679,51,0.003385631,0.002570694,0.002570694,0.002570694,10.99678188,10.99678188,0.006581832,0.040225209,0.898587245,0.068573265,34.16429731,0.178467082,1,7,0,1,35,3,63,10,Ransom
62,6fb735bd8d0ebac8d0e3af2f989c3aaabeecf8f44b9fa009f6c75382e5ebc3d4,476,582,6,2,8,1.222689076,86,0.002574082,0.00210084,0.00210084,0.00210084,8.783777119,8.783777119,0.011824779,0.046570914,0.906761847,0.041719188,56.73529445,0.017554127,1,7,0,1,6,1,22,6,Ransom
63,0fb1874d13ce559b8df1f40fabe67d1559a653d2dc998dbc558fd917a9382c50,552,759,8,2,9,1.375,75,0.002495463,0.001811594,0.001811594,0.001811594,13.168649,13.168649,0.008712905,0.036235949,0.910962174,0.114583333,40.96207606,0.01088689,1,19,0,1,20,1,72,16,Ransom
64,ecaf3c61c99e6d5a5bc4088f80e5baca08b69c0389142280836836b72a584e1d,654,793,4,2,5,1.212538226,162,0.001856873,0.001529052,0.001529052,0.001529052,11.97623247,11.97623247,0.014489161,0.053040793,0.920173205,0.052505946,66.93914756,0.2266028,1,7,0,1,6,1,23,6,Ransom
65,8f94dbb80f00b07175b51b481287aff2dbb5a40d31d21b6a3093c03abd83b10d,701,898,5,2,6,1.281027104,90,0.001830039,0.001426534,0.001426534,0.001426534,12.74477521,12.74477521,0.005632143,0.039925233,0.914170813,0.036899667,57.79787137,-0.004457641,1,4,0,1,50,3,70,17,Ransom
66,3b5b19ebe8d8b6c7e5b2ffd2cc194fad1ae6c9eade7646f48c595bd154f4b1e1,734,1218,12,8,14,1.659400545,35,0.002263848,0.001362398,0.001362398,0.001362398,19.94029943,19.94029943,0.009264289,0.011214317,0.894383239,0.060647345,21.93184555,0.207397306,1,1,0,1,176,3,201,24,Ransom
67,02e383996674b923b72e83fb01c0593f9e0a74c271e067a97ba8c1d461cc1c9b,852,1233,7,2,8,1.447183099,69,0.001700568,0.001173709,0.001173709,0.001173709,12.68051531,12.68051531,0.009279537,0.028512874,0.932918018,0.170089984,66.76837019,-0.084107435,1,20,0,1,54,1,107,19,Ransom
68,46558bde96ad5b1aac7698b0ae326428e91c2b5541977187f7e5e3d3497b70de,852,1233,7,2,8,1.447183099,69,0.001700568,0.001173709,0.001173709,0.001173709,12.68051531,12.68051531,0.009279537,0.028512874,0.932918018,0.170089984,66.76837019,-0.084107435,1,16,0,1,18,1,47,9,Ransom
69,4b25590e31b8e6182d4ec453724d932c7b23598fff474f8e6aa94a3f73f9b537,852,1233,7,2,8,1.447183099,69,0.001700568,0.001173709,0.001173709,0.001173709,12.68051531,12.68051531,0.009279537,0.028512874,0.932918018,0.170089984,66.76837019,-0.084107435,1,8,0,1,17,2,43,9,Ransom
70,4d1cc3135b2410740f1e5313403e95cedf07015c2c795b9b9fedc89049112927,852,1233,7,2,8,1.447183099,69,0.001700568,0.001173709,0.001173709,0.001173709,12.68051531,12.68051531,0.009279537,0.028512874,0.932918018,0.170089984,66.76837019,-0.084107435,1,8,0,1,17,2,43,9,Ransom
71,5f3bdf91690eac7128b2a344b464bea21f12bdcd2c80b717e7831ce5f78dabd0,852,1233,7,2,8,1.447183099,69,0.001700568,0.001173709,0.001173709,0.001173709,12.68051531,12.68051531,0.009279537,0.028512874,0.932918018,0.170089984,66.76837019,-0.084107435,1,2,0,1,38,1,126,29,Ransom
72,66711659869263b41a3d5592ef359a2f62662741802715fcfacfe9a414f08112,852,1233,7,2,8,1.447183099,69,0.001700568,0.001173709,0.001173709,0.001173709,12.68051531,12.68051531,0.009279537,0.028512874,0.932918018,0.170089984,66.76837019,-0.084107435,1,7,0,1,52,3,67,17,Ransom
73,7ba3c5b98c63184fc5edf0957f858b1dd96891439bcfa1a9989cd4faac895f8d,852,1233,7,2,8,1.447183099,69,0.001700568,0.001173709,0.001173709,0.001173709,12.68051531,12.68051531,0.009279537,0.028512874,0.932918018,0.170089984,66.76837019,-0.084107435,1,6,0,1,52,2,63,16,Ransom
74,9eca82d15dba66cf31577a620c54931c34e27b1f58a6d3d3befd00043c6265de,852,1233,7,2,8,1.447183099,69,0.001700568,0.001173709,0.001173709,0.001173709,12.68051531,12.68051531,0.009279537,0.028512874,0.932918018,0.170089984,66.76837019,-0.084107435,1,23,0,1,20,1,66,16,Ransom
75,9ef4df7c92084f42856d8a9448e6e7b1fd4670e7093ee8525c1f58a056cf9789,852,1233,7,2,8,1.447183099,69,0.001700568,0.001173709,0.001173709,0.001173709,12.68051531,12.68051531,0.009279537,0.028512874,0.932918018,0.170089984,66.76837019,-0.084107435,1,8,0,1,17,2,43,9,Ransom
76,aa9af375460f7ebfc7fc02a69b6f3958687675b34bd931a6f0e34ba7b1550100,852,1233,7,2,8,1.447183099,69,0.001700568,0.001173709,0.001173709,0.001173709,12.68051531,12.68051531,0.009279537,0.028512874,0.932918018,0.170089984,66.76837019,-0.084107435,1,8,0,1,59,2,76,19,Ransom
77,b35d539ed3ee08e9c095ca1588f5901abda19065d295d39a0e66fe984c96a43b,852,1233,7,2,8,1.447183099,69,0.001700568,0.001173709,0.001173709,0.001173709,12.68051531,12.68051531,0.009279537,0.028512874,0.932918018,0.170089984,66.76837019,-0.084107435,1,1,0,1,176,3,201,24,Ransom
78,e392ff02b5844839a1115aac5205c0572b6689f014f607019eb9d07069a0dcb7,852,1233,7,2,8,1.447183099,69,0.001700568,0.001173709,0.001173709,0.001173709,12.68051531,12.68051531,0.009279537,0.028512874,0.932918018,0.170089984,66.76837019,-0.084107435,1,1,0,1,3,1,17,7,Ransom
79,057ddb7ea437ffca4b2b2325c959326d5adc07db406ef3282d98480b545252b5,1068,1346,5,2,7,1.260299625,101,0.001181162,0.00093633,0.00093633,0.00093633,13.09826147,13.09826147,0.012031453,0.051396128,0.933243952,0.059782415,108.7559109,0.139286297,1,19,0,1,20,1,72,16,Ransom
80,9f7b9c0a9f745304a16b2e3b699b6ad2b7d3835cd6305b112f2590a9386c7fca,1590,2639,5,2,6,1.659748428,61,0.001044524,0.000628931,0.000628931,0.000628931,28.54999964,28.54999964,0.009849636,0.014754722,0.957152176,0.126645702,47.83515703,-0.018161796,1,23,0,1,71,1,115,34,Ransom
81,d613520935d7e76a2fe19de45fb76b37b97b8d995e77b23023e40629241995a4,1590,2639,5,2,6,1.659748428,61,0.001044524,0.000628931,0.000628931,0.000628931,28.54999964,28.54999964,0.009849636,0.014754722,0.957152176,0.126645702,47.83515703,-0.018161796,1,10,0,1,18,1,76,15,Ransom
82,521bfa3a25bd8bb6afb3b4ef5a242913c9ca35bd8df22fa218b2b0f71bfd6313,1844,2029,122,2,123,1.10032538,283,0.00059703,0.000542299,0.000542299,0.000542299,7.860579431,7.860579431,0.002160774,0.0174846,0.884401171,0.000181097,181.9129271,0.521885899,1,19,0,1,20,1,72,16,Ransom
83,264c52e9f4b9aec3e1233c536c9767065da8b512b4c42a5b6c1cd45b2b062b72,1844,2029,122,2,123,1.10032538,283,0.00059703,0.000542299,0.000542299,0.000542299,7.860579431,7.860579431,0.002160774,0.0174846,0.884401171,0.000181097,181.9129271,0.521885899,1,8,0,1,17,2,43,9,Ransom
84,780adffc36b906da7716614b4876ecb0c2d5e5f56f161621cee58f5a2ee59456,1844,2029,122,2,123,1.10032538,283,0.00059703,0.000542299,0.000542299,0.000542299,7.860579431,7.860579431,0.002160774,0.0174846,0.884401171,0.000181097,181.9129271,0.521885899,1,24,0,1,61,1,110,26,Ransom
85,0af5084917fad3a03aa10e726850f29f91dd1b91375a70fe8745d42370c36948,1998,2345,3,2,4,1.173673674,302,0.000587718,0.000500501,0.000500501,0.000500501,14.70591009,14.70591009,0.001919129,0.047681737,0.94711808,0.00692359,191.6742311,-0.141637647,1,24,0,1,56,1,138,29,Ransom
86,e3ef08a641c847a1b10d9c6f32c55eb48f3409102d9a91557f0aefa611e6eeab,2041,2404,3,2,5,1.177853993,292,0.000577379,0.000489956,0.000489956,0.000489956,14.97507543,14.97507543,0.002097254,0.047304923,0.958810503,0.006279602,193.9789463,-0.115448755,1,21,0,1,14,1,63,13,Ransom
87,d3d06db645383daeb89ebaf86a0e46f1dc6652478e9e5f95b2a7b9c531929482,2643,3773,8,2,9,1.427544457,124,0.000540327,0.000378358,0.000378358,0.000378358,43.0807495,43.0807495,0.005356994,0.025961829,0.95590898,0.069669207,80.04644966,-0.011180076,1,5,0,1,59,3,75,18,Ransom
88,9243f83d2b3eeeac0e34fb414cde8680a0a994f92a0e8fc8ec3589d68e941c1f,2765,3973,5,2,6,1.436889693,94,0.000519859,0.000361664,0.000361664,0.000361664,32.78989864,32.78989864,0.001369925,0.012296024,0.958649844,0.075624731,67.12646064,0.017144758,1,6,0,1,60,3,81,14,Ransom
89,1f68de9944ef052cfd72b25dc807e11e3128b4c7c4c23d45884c57847a37bf95,2959,4336,5,2,6,1.465359919,151,0.000495389,0.000337952,0.000337952,0.000337952,40.61723681,40.61723681,0.003374663,0.030711543,0.958955467,0.083344062,103.6956676,0.018928521,1,2,0,1,38,1,126,29,Ransom
90,d272a57115d8cf88e8c3258ac08894d471c39df40844ecc5ec9868d9167eb3d0,2981,4328,21,2,23,1.451861791,146,0.000487202,0.000335458,0.000335458,0.000335458,48.45686282,48.45686282,0.001567105,0.029987183,0.95490029,0.072948249,91.17491569,0.092308828,1,20,0,1,19,1,69,16,Ransom
91,a77d7a48b5fef28ec95f7f727d0976e345622e41166391808e4c884e710ed1f5,3103,4508,6,2,8,1.452787625,105,0.000468339,0.000322269,0.000322269,0.000322269,36.76272426,36.76272426,0.001371444,0.012514163,0.957453141,0.075031332,69.96947183,0.092080931,1,4,0,1,8,1,21,12,Ransom
92,0857511b4d50f34619bcda75629b5fe5af6d603a4d54af7871da525f4ed1a872,3133,4438,6,2,7,1.416533674,91,0.000452278,0.000319183,0.000319183,0.000319183,33.76957622,33.76957622,0.00668835,0.0131891,0.961089558,0.101115367,78.18677101,-0.020188395,1,35,0,1,5,1,138,47,Ransom
93,73887c1fcd9a0157b853c8e6af954d145664c59da4d4896241e94566447d3d32,3145,4640,18,2,19,1.475357711,126,0.000469261,0.000317965,0.000317965,0.000317965,47.08267282,47.08267282,0.004370396,0.019401333,0.958941643,0.074702349,76.60274731,0.029016165,1,20,0,1,54,1,107,19,Ransom
94,5d4cac339ff3c20cf95afb416f4a8aacae7f1093d3776704e9266ce48550d3b7,3145,4640,18,2,19,1.475357711,126,0.000469261,0.000317965,0.000317965,0.000317965,47.08267282,47.08267282,0.004370396,0.019401333,0.958941643,0.074702349,76.60274731,0.029016165,1,9,0,1,97,3,128,29,Ransom
95,5d779ef9b79b4364521d8f33302715a841cbf1a3a283c8e5fd141a7a8cf9ef0c,3193,4575,5,2,7,1.432821798,103,0.000448879,0.000313185,0.000313185,0.000313185,33.96492432,33.96492432,0.001203679,0.012169181,0.959129171,0.085527866,77.3107666,0.098294347,1,2,0,1,4,2,16,5,Ransom
96,47bbc9c9ec0ee9dc1cf345b4a074583c1d2f5cd2a16d7b560cfef483149f6964,3657,5408,9,2,10,1.478807766,133,0.000404488,0.000273448,0.000273448,0.000273448,53.1225017,53.1225017,0.000614586,0.020371662,0.961566773,0.070195233,89.07805633,0.032328436,1,2,0,1,8,1,14,4,Ransom
97,1a6ce073f757edb00dbe353b05f373abdeabaf2663939b0ebc14da3c43cc21bf,3775,5300,5,2,7,1.40397351,103,0.000372012,0.000264901,0.000264901,0.000264901,36.00428515,36.00428515,0.001142025,0.010381262,0.963913136,0.085454641,78.99369872,0.016429142,1,16,0,1,20,1,49,9,Ransom
98,ef983ba3df48066c4d1fcea3c263e1c5a54700100d7468ce8fca9b885a831a69,3953,4713,541,2,542,1.192259044,533,0.000301685,0.000252972,0.000252972,0.000252972,19.58700766,19.58700766,0.001851131,0.032326063,0.844707559,8.44E-05,258.3632992,0.518212853,1,8,0,1,17,2,43,9,Ransom
99,38bc8d411f760c09e56841386c481ed0cab76d73649732a85712c7c4e8416471,3970,4722,524,2,525,1.189420655,619,0.000299678,0.000251889,0.000251889,0.000251889,9.506704411,9.506704411,0.001012484,0.013421101,0.849852744,0.000251934,353.4779708,0.512516816,1,4,0,1,12,1,29,8,Ransom
100,8dd210f174114032f1c8a8fb8df868ec408d1870362d348a308d396323fc000f,4009,5819,22,2,23,1.451484161,142,0.000362147,0.000249439,0.000249439,0.000249439,57.08966129,57.08966129,0.006190372,0.019109085,0.959202423,0.066520072,87.32844385,-0.00603712,1,15,0,1,19,1,75,17,Ransom
101,4441bb962550d53c04d40f6684e92d664cf3246e5195da3547eb8fcc896be0b5,4009,5819,22,2,23,1.451484161,142,0.000362147,0.000249439,0.000249439,0.000249439,57.08966129,57.08966129,0.006190372,0.019109085,0.959202423,0.066520072,87.32844385,-0.00603712,1,13,0,1,18,1,62,15,Ransom
102,3cc7a9e255bde2b7352f800e6cc3841b165ffc0ee327e3040467beba10a9bb2b,4230,6161,11,8,12,1.456501182,124,0.000344408,0.000236407,0.000236407,0.000236407,65.11330473,65.11330473,0.00159823,0.014451428,0.961291031,0.076546988,73.38308773,0.116744004,1,8,0,1,7,1,21,6,Ransom
103,a2981d4fd4facd7bccd02ffd4be44267156eed0e3f56f4365c22383dbc7515a3,4234,6055,40,2,41,1.43008975,134,0.000337843,0.000236183,0.000236183,0.000236183,74.44494433,74.44494433,0.002839222,0.018496309,0.953463414,0.057315555,79.38717267,0.045867401,1,2,0,1,15,1,30,13,Ransom
104,ac81016b4bb9755c249bcf51a9087f0099c8240df7c852158a18f23914c05df4,4603,5095,326,2,327,1.106886813,803,0.000240523,0.00021725,0.00021725,0.00021725,19.43730198,19.43730198,0.00179187,0.0442935,0.895437367,7.24E-05,362.364127,0.522679254,1,34,0,1,57,1,134,32,Ransom
105,288ca900f24008e53da883abf9ed36d4aa0fbe92075172766c1c2800ad224642,4603,5095,326,2,327,1.106886813,803,0.000240523,0.00021725,0.00021725,0.00021725,19.43730198,19.43730198,0.00179187,0.0442935,0.895437367,7.24E-05,362.364127,0.522679254,1,7,0,1,43,1,77,16,Ransom
106,1a3299de3a1cd0aa910aec86cd577091be1c6dcb8a19e069a808e1518d997136,4603,5095,326,2,327,1.106886813,803,0.000240523,0.00021725,0.00021725,0.00021725,19.43730198,19.43730198,0.00179187,0.0442935,0.895437367,7.24E-05,362.364127,0.522679254,1,1,0,1,4,1,16,6,Ransom
107,2b4716fea03f61bdfbf8e14cd7a736d5c3103b4ebf7d788fb9a2719b0c63f8d5,4683,6708,16,2,18,1.432415119,158,0.000305941,0.000213538,0.000213538,0.000213538,58.84236948,58.84236948,0.000417628,0.018131624,0.962769247,0.08246613,96.66331414,0.014444729,1,5,0,1,14,1,28,12,Ransom
108,ab5066b545c65a2d5b8afc05a9424740abd96babff85e63fa7a146b4f449456d,4803,7006,25,2,27,1.458671664,268,0.000303763,0.000208203,0.000208203,0.000208203,57.05502791,57.05502791,0.003543557,0.023848063,0.962699298,0.09348792,124.5819598,0.057418415,1,16,0,1,47,1,83,23,Ransom
109,1dd2c2bbe82c0d1951aaeb31b6bca7eb22935d59f17ef270d13e53a1a4270374,5052,7199,6,2,7,1.424980206,109,0.000282118,0.000197941,0.000197941,0.000197941,51.93235806,51.93235806,0.003971131,0.006113018,0.967292439,0.079464364,64.0642713,0.017264613,1,1,0,1,13,1,20,5,Ransom
110,df0bc2d34aacd17946bdb17a766bd7d293f8bcb28cc9b9e74c92d2b4b57d22e9,6165,9116,18,2,20,1.478669911,121,0.000239888,0.000162206,0.000162206,0.000162206,90.26292877,90.26292877,0.002662061,0.010829586,0.965712189,0.076676579,78.39660593,-0.077116742,1,17,0,1,57,1,93,23,Ransom
111,41260a18ea8b1655205458cb1fb02172d93d87e5e78f528e0c939868dce86802,7556,11048,29,2,31,1.462149285,166,0.000193534,0.000132345,0.000132345,0.000132345,106.592263,106.592263,0.000617232,0.011144056,0.969030554,0.068659643,91.85429456,0.034080117,1,20,0,1,12,1,67,22,Ransom
112,215519,89,127,9,2,9,1.426966,14,0.016216,0.011236,0.011236,0.011236,6.230735,6.230735,0.06016,0.041108,0.735073,0.035112,9.684603,0.022268,1,3,0,1,21,1,31,9,Benign
113,185608,95,127,3,2,5,1.336842,15,0.014222,0.010526,0.010526,0.010526,6.635689,6.635689,0.049339,0.056664,0.765702,0.080877,11.96265,-0.04613,1,15,0,1,18,1,39,11,Benign
114,202481,117,159,5,2,6,1.358974,14,0.011715,0.008547,0.008547,0.008547,7.994443,7.994443,0.050529,0.043348,0.755943,0.036467,11.25976,-0.02237,1,3,0,1,35,1,57,15,Benign
115,254489,120,157,5,2,5,1.308333,23,0.010994,0.008333,0.008333,0.008333,6.946512,6.946512,0.03987,0.053211,0.798085,0.042407,14.66234,-0.01326,1,9,0,1,26,3,44,9,Benign
116,214484,123,170,5,2,6,1.382114,14,0.011329,0.00813,0.00813,0.00813,7.937965,7.937965,0.056182,0.043086,0.763737,0.053117,11.89552,0.027888,1,2,0,1,8,1,21,5,Benign
117,203917,125,172,5,2,6,1.376,14,0.011097,0.008,0.008,0.008,7.94151,7.94151,0.055429,0.043845,0.763859,0.042933,12.25941,0.011877,1,3,0,1,17,3,33,4,Benign
118,249633,129,173,11,2,12,1.341085,26,0.010477,0.007752,0.007752,0.007752,6.144871,6.144871,0.050787,0.039169,0.774901,0.039147,14.72306,0.205167,1,3,0,1,35,1,57,15,Benign
119,233070,130,155,4,2,5,1.192308,25,0.009243,0.007692,0.007692,0.007692,5.626444,5.626444,0.038105,0.04836,0.803913,0.026538,17.83341,0.021358,1,3,0,1,8,1,14,3,Benign
120,230920,130,155,4,2,5,1.192308,25,0.009243,0.007692,0.007692,0.007692,5.626444,5.626444,0.038105,0.04836,0.803913,0.026538,17.83341,0.021358,1,2,0,1,8,1,21,5,Benign
121,241162,156,202,6,2,8,1.294872,20,0.008354,0.00641,0.00641,0.00641,8.469205,8.469205,0.050122,0.036733,0.813915,0.042216,13.30754,-0.03671,1,3,0,1,29,1,36,13,Benign
122,198033,162,212,4,2,6,1.308642,43,0.008128,0.006173,0.006173,0.006173,7.592249,7.592249,0.03647,0.061403,0.809652,0.069856,21.8518,-0.03638,1,2,0,1,35,1,57,15,Benign
123,183497,166,209,4,3,5,1.259036,17,0.007631,0.006024,0.006024,0.006024,8.008529,8.008529,0.053024,0.037304,0.820883,0.03504,14.85418,0.015074,1,3,0,1,35,1,57,15,Benign
124,196135,166,209,4,3,5,1.259036,17,0.007631,0.006024,0.006024,0.006024,8.008529,8.008529,0.053024,0.037304,0.820883,0.03504,14.85418,0.015074,1,2,0,1,35,1,57,15,Benign
125,198869,168,220,4,3,5,1.309524,22,0.007841,0.005952,0.005952,0.005952,8.2164,8.2164,0.048239,0.042646,0.823884,0.045536,16.3811,0.003045,1,6,0,1,27,1,39,7,Benign
126,209911,168,220,4,3,5,1.309524,22,0.007841,0.005952,0.005952,0.005952,8.2164,8.2164,0.048239,0.042646,0.823884,0.045536,16.3811,0.003045,1,4,0,1,29,1,36,6,Benign
127,221035,168,220,4,3,5,1.309524,22,0.007841,0.005952,0.005952,0.005952,8.2164,8.2164,0.048239,0.042646,0.823884,0.045536,16.3811,0.003045,1,4,0,1,17,1,24,5,Benign
128,227991,168,220,4,3,5,1.309524,22,0.007841,0.005952,0.005952,0.005952,8.2164,8.2164,0.048239,0.042646,0.823884,0.045536,16.3811,0.003045,1,3,0,1,29,1,36,5,Benign
129,255261,174,226,3,2,5,1.298851,47,0.007508,0.005747,0.005747,0.005747,7.612303,7.612303,0.035792,0.063361,0.815823,0.068295,23.86783,0.047589,1,9,0,1,18,1,42,8,Benign
130,243664,223,297,8,3,9,1.331839,44,0.005999,0.004484,0.004484,0.004484,8.334858,8.334858,0.043583,0.046952,0.855321,0.077472,23.77639,0.272723,1,2,0,1,35,1,57,15,Benign
131,239899,241,321,5,2,6,1.33195,58,0.00555,0.004149,0.004149,0.004149,9.167775,9.167775,0.038365,0.046725,0.846547,0.051729,25.49803,0.036486,1,3,0,1,13,1,30,5,Benign
132,204286,259,369,7,2,7,1.42471,27,0.005522,0.003861,0.003861,0.003861,10.73803,10.73803,0.032647,0.029909,0.837127,0.082065,17.95736,-0.14567,1,6,0,1,21,1,31,9,Benign
133,219988,259,369,7,2,7,1.42471,27,0.005522,0.003861,0.003861,0.003861,10.73803,10.73803,0.032647,0.029909,0.837127,0.082065,17.95736,-0.14567,1,7,0,1,11,1,26,8,Benign
134,208124,259,369,7,2,7,1.42471,27,0.005522,0.003861,0.003861,0.003861,10.73803,10.73803,0.032647,0.029909,0.837127,0.082065,17.95736,-0.14567,1,3,0,1,17,3,33,4,Benign
135,204295,259,369,7,2,7,1.42471,27,0.005522,0.003861,0.003861,0.003861,10.73803,10.73803,0.032647,0.029909,0.837127,0.082065,17.95736,-0.14567,1,3,0,1,13,1,30,5,Benign
136,200245,259,369,7,2,7,1.42471,27,0.005522,0.003861,0.003861,0.003861,10.73803,10.73803,0.032647,0.029909,0.837127,0.082065,17.95736,-0.14567,1,4,0,1,35,1,57,15,Benign
137,206233,261,371,7,2,7,1.421456,27,0.005467,0.003831,0.003831,0.003831,10.76686,10.76686,0.033334,0.029875,0.837795,0.080387,18.0441,-0.13994,1,2,0,1,35,1,57,15,Benign
138,202739,262,367,7,3,8,1.400763,25,0.005367,0.003817,0.003817,0.003817,10.67378,10.67378,0.038902,0.02798,0.839386,0.070361,17.44648,-0.02995,1,5,0,1,14,2,18,6,Benign
139,220741,263,375,7,2,7,1.425856,28,0.005442,0.003802,0.003802,0.003802,10.72722,10.72722,0.03233,0.030612,0.841415,0.08652,18.57546,-0.14784,1,3,0,1,13,1,30,5,Benign
140,457160,263,339,6,2,7,1.288973,36,0.00492,0.003802,0.003802,0.003802,9.510965,9.510965,0.040228,0.030937,0.860931,0.025475,20.13772,0.14548,1,9,0,1,18,1,42,8,Benign
141,228477,267,381,7,2,7,1.426966,29,0.005365,0.003745,0.003745,0.003745,10.72076,10.72076,0.032391,0.031306,0.842389,0.082727,19.19994,-0.14065,1,2,0,1,9,1,19,5,Benign
142,201621,270,382,7,2,7,1.414815,28,0.00526,0.003704,0.003704,0.003704,10.87225,10.87225,0.031938,0.030144,0.842226,0.068536,18.78035,-0.13309,1,3,0,1,35,1,57,15,Benign
143,232656,271,346,4,2,5,1.276753,40,0.004729,0.00369,0.00369,0.00369,8.554071,8.554071,0.025414,0.038798,0.859818,0.026158,25.6778,0.102949,1,4,0,1,35,1,57,15,Benign
144,208258,277,399,8,2,8,1.440433,28,0.005219,0.00361,0.00361,0.00361,11.01138,11.01138,0.033517,0.028398,0.84024,0.088289,18.43901,-0.11022,1,4,0,1,10,2,19,4,Benign
145,223802,278,391,7,2,7,1.406475,30,0.005078,0.003597,0.003597,0.003597,10.84761,10.84761,0.032454,0.031461,0.845252,0.073398,19.96912,-0.21714,1,3,0,1,29,1,36,13,Benign
146,206549,280,403,8,2,10,1.439286,28,0.005159,0.003571,0.003571,0.003571,11.23405,11.23405,0.030853,0.027941,0.845926,0.09212,18.30213,-0.11234,1,2,0,1,8,1,22,6,Benign
147,257377,290,401,7,3,8,1.382759,28,0.004785,0.003448,0.003448,0.003448,10.49719,10.49719,0.034908,0.027478,0.856873,0.072073,19.50413,0.007775,1,3,0,1,17,3,33,4,Benign
148,247243,292,413,8,2,10,1.414384,28,0.00486,0.003425,0.003425,0.003425,11.51631,11.51631,0.031077,0.026887,0.844028,0.07378,18.4708,-0.07297,1,2,0,1,9,1,19,2,Benign
149,230853,293,403,7,3,8,1.375427,27,0.00471,0.003413,0.003413,0.003413,10.77622,10.77622,0.03443,0.027898,0.853062,0.078445,19.53614,-0.00894,1,2,0,1,7,1,14,3,Benign
150,202855,293,403,7,3,8,1.375427,27,0.00471,0.003413,0.003413,0.003413,10.77622,10.77622,0.03443,0.027898,0.853062,0.078445,19.53614,-0.00894,1,2,0,1,7,1,13,3,Benign
151,220085,293,403,7,3,8,1.375427,27,0.00471,0.003413,0.003413,0.003413,10.77622,10.77622,0.03443,0.027898,0.853062,0.078445,19.53614,-0.00894,1,4,0,1,29,1,36,6,Benign
152,456545,294,418,8,2,10,1.421769,28,0.004852,0.003401,0.003401,0.003401,11.53866,11.53866,0.030374,0.027173,0.848636,0.076112,18.62357,-0.08501,1,2,0,1,9,1,21,6,Benign
153,461358,294,418,8,2,10,1.421769,28,0.004852,0.003401,0.003401,0.003401,11.53866,11.53866,0.030374,0.027173,0.848636,0.076112,18.62357,-0.08501,1,2,0,1,8,1,21,4,Benign
154,464141,294,418,8,2,10,1.421769,28,0.004852,0.003401,0.003401,0.003401,11.53866,11.53866,0.030374,0.027173,0.848636,0.076112,18.62357,-0.08501,1,2,0,1,7,1,13,3,Benign
155,464741,294,418,8,2,10,1.421769,28,0.004852,0.003401,0.003401,0.003401,11.53866,11.53866,0.030374,0.027173,0.848636,0.076112,18.62357,-0.08501,1,2,0,1,8,1,21,5,Benign
156,465841,294,418,8,2,10,1.421769,28,0.004852,0.003401,0.003401,0.003401,11.53866,11.53866,0.030374,0.027173,0.848636,0.076112,18.62357,-0.08501,1,3,0,1,17,3,33,4,Benign
157,466003,294,418,8,2,10,1.421769,28,0.004852,0.003401,0.003401,0.003401,11.53866,11.53866,0.030374,0.027173,0.848636,0.076112,18.62357,-0.08501,1,3,0,1,10,1,14,3,Benign
158,223284,294,404,6,3,7,1.37415,27,0.00469,0.003401,0.003401,0.003401,10.75031,10.75031,0.034404,0.028225,0.853599,0.078199,19.80172,-0.02187,1,1,0,1,6,1,10,3,Benign
159,464673,294,418,8,2,10,1.421769,28,0.004852,0.003401,0.003401,0.003401,11.53866,11.53866,0.030374,0.027173,0.848636,0.076112,18.62357,-0.08501,1,3,0,1,14,1,20,11,Benign
160,183685,296,398,8,3,9,1.344595,30,0.004558,0.003378,0.003378,0.003378,10.73498,10.73498,0.039218,0.030048,0.853078,0.072569,20.55349,-0.02365,1,2,0,1,8,1,14,3,Benign
161,454808,298,424,8,2,10,1.422819,29,0.004791,0.003356,0.003356,0.003356,11.5169,11.5169,0.030109,0.027832,0.849785,0.080124,19.24772,-0.0871,1,4,0,1,8,1,15,4,Benign
162,455798,298,424,8,2,10,1.422819,29,0.004791,0.003356,0.003356,0.003356,11.5169,11.5169,0.030109,0.027832,0.849785,0.080124,19.24772,-0.0871,1,2,0,1,9,1,14,3,Benign
163,458353,298,424,8,2,10,1.422819,29,0.004791,0.003356,0.003356,0.003356,11.5169,11.5169,0.030109,0.027832,0.849785,0.080124,19.24772,-0.0871,1,3,0,1,35,1,42,7,Benign
164,462190,298,424,8,2,10,1.422819,29,0.004791,0.003356,0.003356,0.003356,11.5169,11.5169,0.030109,0.027832,0.849785,0.080124,19.24772,-0.0871,1,1,0,1,5,1,11,2,Benign
165,457993,298,424,8,2,10,1.422819,29,0.004791,0.003356,0.003356,0.003356,11.5169,11.5169,0.030109,0.027832,0.849785,0.080124,19.24772,-0.0871,1,2,0,1,7,1,13,3,Benign
166,461556,300,428,8,2,10,1.426667,30,0.004771,0.003333,0.003333,0.003333,11.41311,11.41311,0.03023,0.028722,0.850331,0.080701,19.93334,-0.08652,1,2,0,1,7,1,13,3,Benign
167,464631,301,411,6,3,7,1.365449,27,0.004551,0.003322,0.003322,0.003322,10.97996,10.97996,0.035431,0.026527,0.852333,0.06334,19.2938,-0.01974,1,3,0,1,17,3,33,4,Benign
168,222814,302,410,7,2,8,1.357616,31,0.00451,0.003311,0.003311,0.003311,10.92606,10.92606,0.033063,0.030531,0.838977,0.059441,21.07237,-0.04405,1,4,0,1,21,1,26,5,Benign
169,211322,304,427,8,2,10,1.404605,28,0.004636,0.003289,0.003289,0.003289,11.75068,11.75068,0.029787,0.026541,0.848861,0.070867,18.80385,-0.05865,1,3,0,1,13,1,19,4,Benign
170,225550,304,427,8,2,10,1.404605,28,0.004636,0.003289,0.003289,0.003289,11.75068,11.75068,0.029787,0.026541,0.848861,0.070867,18.80385,-0.05865,1,3,0,1,10,1,14,3,Benign
171,455697,306,436,8,2,10,1.424837,30,0.004672,0.003268,0.003268,0.003268,11.67814,11.67814,0.030372,0.027997,0.850775,0.080099,19.76033,-0.09322,1,2,0,1,7,1,13,3,Benign
172,230324,308,433,8,2,10,1.405844,29,0.004579,0.003247,0.003247,0.003247,11.72561,11.72561,0.02953,0.027186,0.849981,0.074817,19.42877,-0.06096,1,2,0,1,35,1,57,15,Benign
173,209563,308,443,8,2,10,1.438312,30,0.004685,0.003247,0.003247,0.003247,11.94334,11.94334,0.030333,0.027181,0.853981,0.086451,19.21548,-0.12256,1,3,0,1,10,1,14,3,Benign
174,222380,308,433,8,2,10,1.405844,29,0.004579,0.003247,0.003247,0.003247,11.72561,11.72561,0.02953,0.027186,0.849981,0.074817,19.42877,-0.06096,1,3,0,1,29,1,36,5,Benign
175,221365,310,435,8,2,10,1.403226,29,0.004541,0.003226,0.003226,0.003226,11.8098,11.8098,0.029873,0.026973,0.848751,0.069496,19.38062,-0.05703,1,2,0,1,7,1,13,3,Benign
176,228346,310,435,8,2,10,1.403226,29,0.004541,0.003226,0.003226,0.003226,11.8098,11.8098,0.029873,0.026973,0.848751,0.069496,19.38062,-0.05703,1,3,0,1,16,1,18,4,Benign
177,455678,310,440,8,2,10,1.419355,31,0.004593,0.003226,0.003226,0.003226,11.62304,11.62304,0.030665,0.028681,0.852082,0.077023,20.42679,-0.08353,1,3,0,1,7,1,12,3,Benign
178,215869,311,425,8,3,9,1.366559,29,0.004408,0.003215,0.003215,0.003215,11.16065,11.16065,0.032249,0.027367,0.852534,0.059396,20.10502,-0.00471,1,3,0,1,8,1,21,4,Benign
179,459250,311,425,8,3,9,1.366559,29,0.004408,0.003215,0.003215,0.003215,11.16065,11.16065,0.032249,0.027367,0.852534,0.059396,20.10502,-0.00471,1,3,0,1,8,1,14,3,Benign
180,211867,315,426,7,2,8,1.352381,31,0.004307,0.003175,0.003175,0.003175,11.13819,11.13819,0.035553,0.03003,0.854063,0.056988,21.53493,-0.06833,1,3,0,1,10,1,15,3,Benign
181,216664,315,445,7,2,7,1.412698,29,0.004499,0.003175,0.003175,0.003175,12.28303,12.28303,0.030125,0.026377,0.856665,0.075412,18.79707,-0.12352,1,4,0,1,21,1,26,5,Benign
182,185068,316,445,8,2,10,1.408228,30,0.004471,0.003165,0.003165,0.003165,11.88205,11.88205,0.029832,0.027365,0.851499,0.074927,19.94542,-0.06731,1,2,0,1,9,1,19,2,Benign
183,242369,316,406,4,2,5,1.28481,36,0.004079,0.003165,0.003165,0.003165,9.00903,9.00903,0.022553,0.025452,0.871782,0.059441,23.62996,0.026265,1,3,0,1,21,1,31,9,Benign
184,208144,321,449,8,2,8,1.398754,38,0.004371,0.003115,0.003115,0.003115,10.65162,10.65162,0.031904,0.026497,0.860601,0.076187,21.58334,-0.06671,1,2,0,1,35,1,57,15,Benign
185,214409,321,449,8,2,8,1.398754,38,0.004371,0.003115,0.003115,0.003115,10.65162,10.65162,0.031904,0.026497,0.860601,0.076187,21.58334,-0.06671,1,3,0,1,8,1,14,3,Benign
186,215134,321,449,8,2,8,1.398754,38,0.004371,0.003115,0.003115,0.003115,10.65162,10.65162,0.031904,0.026497,0.860601,0.076187,21.58334,-0.06671,1,3,0,1,13,1,30,5,Benign
187,222580,321,449,8,2,8,1.398754,38,0.004371,0.003115,0.003115,0.003115,10.65162,10.65162,0.031904,0.026497,0.860601,0.076187,21.58334,-0.06671,1,7,0,1,11,1,26,8,Benign
188,223814,321,449,8,2,8,1.398754,38,0.004371,0.003115,0.003115,0.003115,10.65162,10.65162,0.031904,0.026497,0.860601,0.076187,21.58334,-0.06671,1,2,0,1,8,1,21,4,Benign
189,224131,321,449,8,2,8,1.398754,38,0.004371,0.003115,0.003115,0.003115,10.65162,10.65162,0.031904,0.026497,0.860601,0.076187,21.58334,-0.06671,1,5,0,1,21,1,31,9,Benign
190,230596,321,449,8,2,8,1.398754,38,0.004371,0.003115,0.003115,0.003115,10.65162,10.65162,0.031904,0.026497,0.860601,0.076187,21.58334,-0.06671,1,3,0,1,17,3,33,4,Benign
191,202032,324,443,7,2,8,1.367284,34,0.004233,0.003086,0.003086,0.003086,11.25021,11.25021,0.031881,0.031146,0.847816,0.06487,22.7442,-0.05054,1,2,0,1,29,1,35,9,Benign
192,208398,325,438,8,3,9,1.347692,32,0.00416,0.003077,0.003077,0.003077,11.43956,11.43956,0.03737,0.02887,0.861825,0.058145,21.40831,-0.01573,1,4,0,1,18,2,26,8,Benign
193,188800,328,421,4,2,5,1.283537,38,0.003925,0.003049,0.003049,0.003049,8.686577,8.686577,0.024045,0.027466,0.871226,0.06626,26.59649,0.076798,1,3,0,1,16,1,18,4,Benign
194,200392,328,443,8,3,9,1.35061,30,0.00413,0.003049,0.003049,0.003049,11.4844,11.4844,0.03186,0.027331,0.858145,0.049458,20.88663,0.017334,1,3,0,1,17,3,33,4,Benign
195,455481,342,486,8,2,10,1.421053,31,0.004167,0.002924,0.002924,0.002924,12.77703,12.77703,0.028974,0.0255,0.862779,0.06543,19.85474,-0.06015,1,1,0,1,5,1,11,2,Benign
196,199739,344,473,7,2,7,1.375,29,0.004009,0.002907,0.002907,0.002907,12.58217,12.58217,0.028824,0.025426,0.854677,0.06866,19.71487,-0.12273,1,3,0,1,16,1,18,4,Benign
197,218632,344,483,8,2,10,1.40407,30,0.004093,0.002907,0.002907,0.002907,12.84888,12.84888,0.029485,0.024941,0.861708,0.065049,19.57718,-0.05757,1,1,0,1,6,2,9,2,Benign
198,208830,346,487,8,2,10,1.407514,31,0.00408,0.00289,0.00289,0.00289,12.66652,12.66652,0.028826,0.025805,0.862267,0.066504,20.31423,-0.02908,1,2,0,1,8,1,21,5,Benign
199,464945,346,480,8,2,10,1.387283,39,0.004021,0.00289,0.00289,0.00289,11.29048,11.29048,0.028703,0.025894,0.865647,0.064673,22.33711,-0.05457,1,3,0,1,9,1,14,3,Benign
200,200303,350,471,7,2,8,1.345714,33,0.003856,0.002857,0.002857,0.002857,12.05298,12.05298,0.030654,0.027946,0.854292,0.054146,21.9135,-0.05082,1,5,0,1,7,1,14,5,Benign
201,464446,350,498,8,2,10,1.422857,31,0.004077,0.002857,0.002857,0.002857,12.9259,12.9259,0.028991,0.025209,0.863651,0.070315,19.99949,-0.04621,1,3,0,1,9,1,22,7,Benign
202,465451,350,494,8,2,10,1.411429,31,0.004044,0.002857,0.002857,0.002857,12.84012,12.84012,0.028939,0.025258,0.863418,0.068696,20.05669,-0.08207,1,3,0,1,29,1,36,7,Benign
203,233755,352,497,8,2,10,1.411932,32,0.004023,0.002841,0.002841,0.002841,12.76161,12.76161,0.029108,0.02603,0.864503,0.069726,20.80017,-0.0768,1,9,0,1,18,1,35,7,Benign
204,456348,352,500,8,2,10,1.420455,31,0.004047,0.002841,0.002841,0.002841,12.93267,12.93267,0.028969,0.025139,0.863748,0.070768,20.04882,-0.05337,1,3,0,1,10,1,15,3,Benign
205,463398,352,500,8,2,10,1.420455,31,0.004047,0.002841,0.002841,0.002841,12.93267,12.93267,0.028969,0.025139,0.863748,0.070768,20.04882,-0.05337,1,2,0,1,8,1,21,5,Benign
206,182829,356,489,8,2,10,1.373596,39,0.003869,0.002809,0.002809,0.002809,11.4818,11.4818,0.028377,0.025403,0.865834,0.060516,22.51814,-0.03391,1,5,0,1,7,1,14,5,Benign
207,254417,357,502,8,2,10,1.406162,30,0.00395,0.002801,0.002801,0.002801,13.16119,13.16119,0.028824,0.024598,0.863697,0.060346,19.75245,-0.02388,1,2,0,1,7,1,13,3,Benign
208,210862,364,499,8,2,10,1.370879,38,0.003777,0.002747,0.002747,0.002747,11.79901,11.79901,0.028084,0.024272,0.865233,0.059186,21.86581,-0.02925,1,4,0,1,17,2,26,4,Benign
209,230558,370,499,7,2,8,1.348649,33,0.003655,0.002703,0.002703,0.002703,12.60422,12.60422,0.029593,0.026328,0.860491,0.06158,21.77718,-0.0376,1,2,0,1,9,1,14,3,Benign
210,206194,382,459,4,2,5,1.201571,51,0.003154,0.002618,0.002618,0.002618,8.338637,8.338637,0.01843,0.027391,0.883877,0.019241,31.21252,0.169985,1,2,0,1,7,1,13,3,Benign
211,202265,392,517,7,3,8,1.318878,37,0.003373,0.002551,0.002551,0.002551,10.9301,10.9301,0.030873,0.018395,0.873134,0.040862,21.02582,0.034225,1,2,0,1,9,1,19,2,Benign
212,206222,392,517,7,3,8,1.318878,37,0.003373,0.002551,0.002551,0.002551,10.9301,10.9301,0.030873,0.018395,0.873134,0.040862,21.02582,0.034225,1,3,0,1,10,1,14,3,Benign
213,221041,392,517,7,3,8,1.318878,37,0.003373,0.002551,0.002551,0.002551,10.9301,10.9301,0.030873,0.018395,0.873134,0.040862,21.02582,0.034225,1,3,0,1,8,1,14,3,Benign
214,243934,406,527,7,3,8,1.29803,28,0.003205,0.002463,0.002463,0.002463,12.14023,12.14023,0.035656,0.020946,0.873182,0.054782,21.58597,-0.00861,1,3,0,1,8,1,14,3,Benign
215,211162,407,528,7,3,8,1.297297,28,0.003195,0.002457,0.002457,0.002457,12.1674,12.1674,0.035614,0.020879,0.87345,0.054648,21.56549,-0.00747,1,3,0,1,16,1,18,4,Benign
216,223969,407,528,7,3,8,1.297297,28,0.003195,0.002457,0.002457,0.002457,12.1674,12.1674,0.035614,0.020879,0.87345,0.054648,21.56549,-0.00747,1,4,0,1,38,1,51,9,Benign
217,249772,407,528,7,3,8,1.297297,28,0.003195,0.002457,0.002457,0.002457,12.1674,12.1674,0.035614,0.020879,0.87345,0.054648,21.56549,-0.00747,1,2,0,1,8,1,21,3,Benign
218,457630,407,528,7,3,8,1.297297,28,0.003195,0.002457,0.002457,0.002457,12.1674,12.1674,0.035614,0.020879,0.87345,0.054648,21.56549,-0.00747,1,2,0,1,9,1,14,3,Benign
219,243362,407,528,7,3,8,1.297297,28,0.003195,0.002457,0.002457,0.002457,12.1674,12.1674,0.035614,0.020879,0.87345,0.054648,21.56549,-0.00747,1,2,0,1,7,1,14,3,Benign
220,189248,410,533,7,3,8,1.3,29,0.003178,0.002439,0.002439,0.002439,12.1279,12.1279,0.035501,0.0214,0.873909,0.057907,22.17553,-0.01085,1,3,0,1,16,1,18,4,Benign
221,238615,411,534,7,3,8,1.29927,29,0.003169,0.002433,0.002433,0.002433,12.15541,12.15541,0.035459,0.021329,0.874174,0.057766,22.15232,-0.00971,1,2,0,1,35,1,57,15,Benign
222,250974,411,534,7,3,8,1.29927,29,0.003169,0.002433,0.002433,0.002433,12.15541,12.15541,0.035459,0.021329,0.874174,0.057766,22.15232,-0.00971,1,3,0,1,16,1,18,4,Benign
223,464159,412,533,7,3,8,1.293689,28,0.003148,0.002427,0.002427,0.002427,12.28415,12.28415,0.035115,0.020642,0.87392,0.043062,21.58286,0.001454,1,2,0,1,33,1,44,11,Benign
224,466008,412,533,7,3,8,1.293689,28,0.003148,0.002427,0.002427,0.002427,12.28415,12.28415,0.035115,0.020642,0.87392,0.043062,21.58286,0.001454,1,3,0,1,8,1,14,3,Benign
225,458051,412,533,7,3,8,1.293689,28,0.003148,0.002427,0.002427,0.002427,12.28415,12.28415,0.035115,0.020642,0.87392,0.043062,21.58286,0.001454,1,4,0,1,18,5,25,5,Benign
226,456648,412,533,7,3,8,1.293689,28,0.003148,0.002427,0.002427,0.002427,12.28415,12.28415,0.035115,0.020642,0.87392,0.043062,21.58286,0.001454,1,6,0,1,8,1,14,6,Benign
227,461775,412,574,8,2,10,1.393204,31,0.00339,0.002427,0.002427,0.002427,14.15826,14.15826,0.025248,0.022079,0.872209,0.068067,20.54622,-0.06808,1,3,0,1,35,1,57,15,Benign
228,206400,414,539,7,3,8,1.301932,30,0.003152,0.002415,0.002415,0.002415,12.12117,12.12117,0.035265,0.021845,0.874994,0.057186,22.76497,-0.01945,1,2,0,1,9,1,19,2,Benign
229,186435,415,538,7,3,8,1.296386,29,0.003131,0.00241,0.00241,0.00241,12.29015,12.29015,0.035241,0.021115,0.871948,0.053594,22.08213,-0.0052,1,3,0,1,8,1,14,3,Benign
230,463316,415,538,7,3,8,1.296386,29,0.003131,0.00241,0.00241,0.00241,12.24313,12.24313,0.03501,0.021158,0.872497,0.046365,22.19282,-0.00191,1,2,0,1,7,1,13,3,Benign
231,249002,415,542,7,3,8,1.306024,30,0.003155,0.00241,0.00241,0.00241,12.15648,12.15648,0.035154,0.021764,0.87588,0.053594,22.73255,-0.00556,1,3,0,1,17,3,33,4,Benign
232,456524,420,545,7,3,8,1.297619,29,0.003097,0.002381,0.002381,0.002381,12.4216,12.4216,0.034662,0.020866,0.876388,0.044067,22.08615,0.003582,1,9,0,1,18,1,42,8,Benign
233,455265,424,551,7,3,8,1.299528,30,0.003072,0.002358,0.002358,0.002358,12.4114,12.4114,0.034444,0.021295,0.877514,0.046875,22.66792,-0.00483,1,3,0,1,8,1,14,3,Benign
234,202838,425,564,5,2,6,1.327059,15,0.00313,0.002353,0.002353,0.002353,12.60523,12.60523,0.028918,0.016568,0.873111,0.032314,19.40096,0.046212,1,2,0,1,9,1,21,6,Benign
235,203709,427,577,7,2,8,1.351288,41,0.003172,0.002342,0.002342,0.002342,13.72859,13.72859,0.026373,0.022936,0.871282,0.053142,22.1193,-0.06047,1,3,0,1,16,1,18,4,Benign
236,183424,429,536,6,3,7,1.249417,43,0.002919,0.002331,0.002331,0.002331,9.01975,9.01975,0.0191,0.028476,0.890921,0.044228,35.33687,0.183286,1,3,0,1,10,1,14,3,Benign
237,230828,429,559,7,3,8,1.30303,33,0.003044,0.002331,0.002331,0.002331,11.41793,11.41793,0.026179,0.017079,0.878905,0.047944,21.20328,0.038057,1,2,0,1,9,1,14,3,Benign
238,217322,430,571,10,2,11,1.327907,43,0.003095,0.002326,0.002326,0.002326,13.07144,13.07144,0.027058,0.026597,0.886628,0.058312,26.33954,0.088234,1,2,0,1,10,1,12,4,Benign
239,457285,442,579,7,3,8,1.309955,30,0.00297,0.002262,0.002262,0.002262,12.98622,12.98622,0.033512,0.02041,0.880602,0.04014,22.41748,0.007122,1,5,0,1,7,1,14,5,Benign
240,255707,450,595,6,2,8,1.322222,53,0.002945,0.002222,0.002222,0.002222,13.23789,13.23789,0.027104,0.036094,0.881308,0.058143,32.67527,0.027256,1,2,0,1,28,2,37,19,Benign
241,463368,452,616,8,2,10,1.362832,35,0.003022,0.002212,0.002212,0.002212,11.46903,11.46903,0.023824,0.014444,0.887647,0.066321,21.05231,-0.06141,1,4,0,1,10,1,17,4,Benign
242,464085,458,618,8,2,10,1.349345,31,0.002953,0.002183,0.002183,0.002183,13.2253,13.2253,0.023663,0.017892,0.878785,0.057228,21.36033,-0.04077,1,2,0,1,10,1,12,4,Benign
243,193294,468,613,8,3,10,1.309829,30,0.002805,0.002137,0.002137,0.002137,13.74014,13.74014,0.030497,0.019375,0.881156,0.058517,22.21972,0.043198,1,4,0,1,29,1,36,6,Benign
244,242171,471,612,7,3,8,1.299363,30,0.002765,0.002123,0.002123,0.002123,13.53112,13.53112,0.032641,0.019642,0.883122,0.047222,22.63404,-0.00302,1,3,0,1,8,1,14,3,Benign
245,187143,485,628,7,3,8,1.294845,31,0.002675,0.002062,0.002062,0.002062,13.60277,13.60277,0.031474,0.019883,0.883362,0.061667,23.43427,-0.00091,1,2,0,1,35,1,57,15,Benign
246,240360,486,651,8,2,10,1.339506,30,0.002762,0.002058,0.002058,0.002058,14.59109,14.59109,0.022467,0.018999,0.884377,0.055645,21.85576,-0.05355,1,2,0,1,29,1,36,10,Benign
247,226099,486,657,8,2,10,1.351852,31,0.002787,0.002058,0.002058,0.002058,14.8385,14.8385,0.022284,0.020089,0.880285,0.057154,22.35879,-0.05379,1,3,0,1,17,3,33,4,Benign
248,188555,491,614,4,2,5,1.250509,51,0.002552,0.002037,0.002037,0.002037,10.02327,10.02327,0.018577,0.031091,0.903349,0.038289,39.09264,0.151349,1,2,0,1,35,1,57,15,Benign
249,195197,500,628,6,3,8,1.256,86,0.002517,0.002,0.002,0.002,9.699918,9.699918,0.02467,0.025008,0.894879,0.0415,38.94067,0.095301,1,5,0,1,12,2,23,5,Benign
250,202577,508,685,8,2,10,1.348425,73,0.00266,0.001969,0.001969,0.001969,12.40699,12.40699,0.029949,0.032193,0.900163,0.090081,36.59301,-0.03234,1,6,0,1,27,1,39,7,Benign
251,232637,515,689,8,2,9,1.337864,83,0.002603,0.001942,0.001942,0.001942,12.05161,12.05161,0.028145,0.038117,0.903472,0.080059,41.64043,-0.01875,1,9,0,1,14,2,39,8,Benign
252,219421,522,669,7,2,8,1.281609,44,0.00246,0.001916,0.001916,0.001916,10.94453,10.94453,0.022665,0.015833,0.888051,0.056611,26.09071,0.113383,1,3,0,1,17,3,33,4,Benign
253,190224,530,703,8,2,10,1.326415,31,0.002507,0.001887,0.001887,0.001887,14.19532,14.19532,0.021602,0.017949,0.890949,0.053353,23.73246,-0.03891,1,3,0,1,12,1,30,5,Benign
254,239814,530,689,6,2,7,1.3,75,0.002457,0.001887,0.001887,0.001887,11.89098,11.89098,0.02019,0.025076,0.894289,0.044663,34.34884,0.029444,1,2,0,1,29,1,36,5,Benign
255,214208,566,683,6,3,7,1.206714,49,0.002136,0.001767,0.001767,0.001767,8.919167,8.919167,0.025378,0.012822,0.908632,0.027309,30.10298,0.078319,1,4,0,1,10,1,12,3,Benign
256,220001,572,797,12,2,13,1.393357,44,0.00244,0.001748,0.001748,0.001748,15.04391,15.04391,0.023828,0.020496,0.89756,0.053596,28.39529,0.053031,1,6,0,1,8,1,14,6,Benign
257,455135,572,735,7,3,8,1.284965,30,0.00225,0.001748,0.001748,0.001748,14.04906,14.04906,0.030541,0.016412,0.896663,0.033639,24.67921,0.021862,1,5,0,1,10,1,14,3,Benign
258,242756,577,753,9,2,10,1.305026,42,0.002266,0.001733,0.001733,0.001733,10.05034,10.05034,0.029747,0.010735,0.898254,0.038504,26.42949,-0.05744,1,4,0,1,29,2,36,6,Benign
259,236708,585,778,16,2,18,1.329915,45,0.002277,0.001709,0.001709,0.001709,13.21898,13.21898,0.018605,0.033358,0.899261,0.056197,40.88203,-0.04924,1,2,0,1,35,1,57,24,Benign
260,463118,720,945,5,2,7,1.3125,82,0.001825,0.001389,0.001389,0.001389,14.90524,14.90524,0.02275,0.026438,0.906361,0.019624,42.94096,0.158188,1,4,0,1,29,1,36,6,Benign
261,196294,741,967,7,2,8,1.304993,60,0.001764,0.00135,0.00135,0.00135,10.91477,10.91477,0.016079,0.009994,0.899925,0.033018,32.07621,-0.15931,1,4,0,1,11,1,16,5,Benign
262,212367,743,920,8,2,9,1.238223,96,0.001669,0.001346,0.001346,0.001346,10.11566,10.11566,0.020171,0.013213,0.919168,0.022371,39.3757,0.011845,1,3,0,1,29,1,35,10,Benign
263,185058,759,938,7,3,8,1.235837,48,0.00163,0.001318,0.001318,0.001318,12.06905,12.06905,0.023875,0.00859,0.908893,0.039756,26.28693,0.029552,1,2,0,1,35,1,57,15,Benign
264,463568,773,1014,6,3,7,1.311772,67,0.001699,0.001294,0.001294,0.001294,8.676161,8.676161,0.016646,0.006028,0.924052,0.069294,29.94217,0.144426,1,3,0,1,13,1,30,5,Benign
265,466210,773,1014,6,3,7,1.311772,67,0.001699,0.001294,0.001294,0.001294,8.676161,8.676161,0.016646,0.006028,0.924052,0.069294,29.94217,0.144426,1,9,0,1,18,1,42,8,Benign
266,463808,798,1033,6,3,7,1.294486,67,0.001624,0.001253,0.001253,0.001253,9.158248,9.158248,0.016148,0.00621,0.923462,0.067165,29.9473,0.150528,1,2,0,1,35,1,57,15,Benign
267,464464,801,1041,6,3,7,1.299625,67,0.001625,0.001248,0.001248,0.001248,9.738362,9.738362,0.016249,0.00676,0.924832,0.066393,30.06542,0.151264,1,3,0,1,35,1,57,15,Benign
268,209697,877,1180,13,2,15,1.345496,53,0.001536,0.00114,0.00114,0.00114,16.61251,16.61251,0.01631,0.024521,0.919538,0.067153,47.98918,0.062781,1,9,0,1,18,1,42,8,Benign
269,205744,877,1180,13,2,15,1.345496,53,0.001536,0.00114,0.00114,0.00114,16.61251,16.61251,0.01631,0.024521,0.919538,0.067153,47.98918,0.062781,1,3,0,1,13,1,30,5,Benign
270,254441,879,1125,8,3,9,1.279863,75,0.001458,0.001138,0.001138,0.001138,13.06881,13.06881,0.017616,0.017339,0.921624,0.061851,43.65712,0.249085,1,2,0,1,8,1,14,3,Benign
271,224750,881,1080,5,3,6,1.22588,72,0.001393,0.001135,0.001135,0.001135,13.33642,13.33642,0.016139,0.026474,0.917523,0.022853,54.57111,-0.08461,1,3,0,1,13,1,30,5,Benign
272,242162,911,1222,9,2,10,1.341383,81,0.001474,0.001098,0.001098,0.001098,15.55925,15.55925,0.022879,0.025284,0.9195,0.068876,51.73003,0.174807,1,3,0,1,29,1,35,6,Benign
273,455071,929,1141,11,3,12,1.228202,57,0.001323,0.001076,0.001076,0.001076,13.20756,13.20756,0.015378,0.024063,0.926768,0.034441,53.6674,0.254387,1,2,0,1,35,1,57,15,Benign
274,250676,953,1138,8,3,9,1.194124,113,0.001254,0.001049,0.001049,0.001049,13.21585,13.21585,0.018406,0.028112,0.925284,0.028788,61.2483,0.339399,1,3,0,1,12,1,30,5,Benign
275,456959,954,1233,6,2,7,1.292453,35,0.001356,0.001048,0.001048,0.001048,10.52919,10.52919,0.021294,0.00263,0.913978,0.0384,19.64261,0.089581,1,3,0,1,30,1,47,10,Benign
276,188484,981,1314,9,2,10,1.33945,94,0.001367,0.001019,0.001019,0.001019,15.79857,15.79857,0.022095,0.025146,0.921977,0.070747,55.46723,0.178035,1,2,0,1,35,1,57,15,Benign
277,200285,981,1314,9,2,10,1.33945,94,0.001367,0.001019,0.001019,0.001019,15.79857,15.79857,0.022095,0.025146,0.921977,0.070747,55.46723,0.178035,1,3,0,1,17,3,33,4,Benign
278,242208,981,1314,9,2,10,1.33945,94,0.001367,0.001019,0.001019,0.001019,15.79857,15.79857,0.022095,0.025146,0.921977,0.070747,55.46723,0.178035,1,9,0,1,29,1,43,10,Benign
279,253699,1011,1277,6,3,7,1.263106,82,0.001251,0.000989,0.000989,0.000989,8.721653,8.721653,0.01345,0.004165,0.933404,0.065807,32.49691,0.170056,1,2,0,1,35,1,57,15,Benign
280,217996,1040,1322,8,3,9,1.271154,86,0.001223,0.000962,0.000962,0.000962,14.04727,14.04727,0.016441,0.016487,0.927867,0.060682,48.49802,0.254506,1,15,0,1,17,1,39,11,Benign
281,464004,1044,1367,9,2,10,1.309387,56,0.001255,0.000958,0.000958,0.000958,20.731,20.731,0.015981,0.020392,0.912622,0.02819,42.44088,0.097278,1,3,0,1,10,1,15,3,Benign
282,239307,1063,1391,9,2,10,1.308561,57,0.001232,0.000941,0.000941,0.000941,21.08807,21.08807,0.016123,0.020209,0.914169,0.023625,42.41246,0.065578,1,9,0,1,16,1,42,8,Benign
283,463930,1068,1355,8,3,9,1.268727,87,0.001189,0.000936,0.000936,0.000936,14.2572,14.2572,0.016425,0.016451,0.929345,0.058255,49.39575,0.247697,1,3,0,1,14,1,19,3,Benign
284,189142,1069,1351,8,3,9,1.263798,87,0.001183,0.000935,0.000935,0.000935,14.22114,14.22114,0.016491,0.016145,0.927989,0.058731,48.87178,0.251394,1,6,0,1,27,1,39,7,Benign
285,195074,1069,1351,8,3,9,1.263798,87,0.001183,0.000935,0.000935,0.000935,14.22114,14.22114,0.016491,0.016145,0.927989,0.058731,48.87178,0.251394,1,2,0,1,8,1,21,6,Benign
286,245113,1069,1351,8,3,9,1.263798,87,0.001183,0.000935,0.000935,0.000935,14.22114,14.22114,0.016491,0.016145,0.927989,0.058731,48.87178,0.251394,1,3,0,1,29,1,36,6,Benign
287,229957,1069,1351,8,3,9,1.263798,87,0.001183,0.000935,0.000935,0.000935,14.22114,14.22114,0.016491,0.016145,0.927989,0.058731,48.87178,0.251394,1,4,0,1,9,1,14,3,Benign
288,458816,1074,1401,6,2,7,1.304469,37,0.001216,0.000931,0.000931,0.000931,11.27825,11.27825,0.019331,0.002322,0.919589,0.036965,19.90538,0.131767,1,3,0,1,12,1,30,5,Benign
289,231751,1074,1399,6,2,7,1.302607,37,0.001214,0.000931,0.000931,0.000931,11.29118,11.29118,0.019716,0.002313,0.919037,0.031875,19.85259,0.097556,1,3,0,1,10,1,14,3,Benign
290,463801,1084,1371,8,3,9,1.26476,87,0.001168,0.000923,0.000923,0.000923,14.448,14.448,0.016405,0.015871,0.929849,0.05924,48.68234,0.242776,1,11,0,1,19,2,42,7,Benign
291,187906,1279,1673,8,2,9,1.308053,95,0.001024,0.000782,0.000782,0.000782,20.12337,20.12337,0.020562,0.024861,0.93188,0.062338,61.05732,0.050418,1,4,0,1,35,1,57,15,Benign
292,239341,1279,1673,8,2,9,1.308053,95,0.001024,0.000782,0.000782,0.000782,20.12337,20.12337,0.020562,0.024861,0.93188,0.062338,61.05732,0.050418,1,3,0,1,35,1,57,15,Benign
293,255051,1279,1673,8,2,9,1.308053,95,0.001024,0.000782,0.000782,0.000782,20.12337,20.12337,0.020562,0.024861,0.93188,0.062338,61.05732,0.050418,1,3,0,1,23,2,35,9,Benign
294,456320,1353,1668,7,3,8,1.232816,69,0.000912,0.000739,0.000739,0.000739,12.48256,12.48256,0.015086,0.005618,0.93834,0.041416,38.38742,0.232361,1,3,0,1,10,1,14,3,Benign
295,193312,1354,1648,12,2,14,1.217134,113,0.0009,0.000739,0.000739,0.000739,16.24502,16.24502,0.017737,0.013319,0.934849,0.022427,54.1693,0.044295,1,3,0,1,10,1,14,3,Benign
296,456656,1361,1680,7,3,8,1.234386,69,0.000908,0.000735,0.000735,0.000735,12.68854,12.68854,0.015143,0.005625,0.935147,0.040621,38.26158,0.230173,1,3,0,1,10,1,14,3,Benign
297,248289,1504,1937,12,2,13,1.287899,74,0.000857,0.000665,0.000665,0.000665,15.23243,15.23243,0.017935,0.011447,0.935473,0.025083,60.21604,0.127271,1,3,0,1,10,1,14,3,Benign
298,456707,1520,1897,6,3,7,1.248026,76,0.000822,0.000658,0.000658,0.000658,13.73433,13.73433,0.015519,0.008595,0.938154,0.045794,54.67359,0.113419,1,11,0,1,29,1,43,10,Benign
299,458802,1714,2323,6,2,8,1.355309,35,0.000791,0.000583,0.000583,0.000583,16.50242,16.50242,0.017083,0.001571,0.931138,0.040159,20.6759,-0.10273,1,3,0,1,10,1,15,3,Benign
300,227088,1777,2394,7,3,8,1.347214,213,0.000759,0.000563,0.000563,0.000563,14.56021,14.56021,0.018616,0.009699,0.945902,0.090071,71.02701,-0.02535,1,3,0,1,35,1,57,15,Benign
301,462243,1862,2359,18,3,20,1.266917,59,0.000681,0.000537,0.000537,0.000537,22.50046,22.50046,0.014903,0.007962,0.942075,0.030952,43.79417,0.137023,1,3,0,1,10,1,14,3,Benign
302,207873,2348,3435,8,2,10,1.462947,67,0.000623,0.000426,0.000426,0.000426,30.00248,30.00248,0.014484,0.012913,0.948803,0.113579,63.80634,0.094241,1,3,0,1,35,1,57,15,Benign
303,238001,2479,3021,13,7,15,1.218637,163,0.000492,0.000403,0.000403,0.000403,21.82011,21.82011,0.01207,0.017034,0.951456,0.031858,96.23958,0.05135,1,11,0,1,29,1,43,10,Benign
304,214044,2593,2817,7,2,8,1.086386,62,0.000419,0.000386,0.000386,0.000386,10.40049,10.40049,0.017147,0.00136,0.948715,0.001909,39.25543,0.117634,1,14,0,1,21,1,37,9,Benign
305,249410,2798,3627,11,3,13,1.296283,104,0.000463,0.000357,0.000357,0.000357,28.78224,28.78224,0.012666,0.014194,0.953922,0.02986,80.72295,0.105811,1,5,0,1,7,1,14,5,Benign
306,239684,2802,3633,11,3,13,1.296574,104,0.000463,0.000357,0.000357,0.000357,28.52963,28.52963,0.01267,0.014511,0.953209,0.030151,82.62377,0.105379,1,5,0,1,7,1,16,5,Benign
307,257443,2802,3633,11,3,13,1.296574,104,0.000463,0.000357,0.000357,0.000357,28.52963,28.52963,0.01267,0.014511,0.953209,0.030151,82.62377,0.105379,1,3,0,1,35,1,57,15,Benign
308,219675,2914,3531,6,2,7,1.211736,38,0.000416,0.000343,0.000343,0.000343,14.09392,14.09392,0.013231,0.000757,0.947206,0.029913,26.44078,0.166831,1,2,0,1,35,1,57,15,Benign
309,185003,3007,3807,11,2,13,1.266046,94,0.000421,0.000333,0.000333,0.000333,24.88975,24.88975,0.012159,0.014078,0.953204,0.027259,97.87429,0.06986,1,3,0,1,10,1,14,3,Benign
310,202192,3009,3811,11,2,13,1.266534,95,0.000421,0.000332,0.000332,0.000332,24.77462,24.77462,0.011331,0.014281,0.952849,0.027518,99.32159,0.070699,1,3,0,1,35,1,57,15,Benign
311,205118,3009,3811,11,2,13,1.266534,95,0.000421,0.000332,0.000332,0.000332,24.77462,24.77462,0.011331,0.014281,0.952849,0.027518,99.32159,0.070699,1,3,0,1,10,1,14,3,Benign
312,213402,3009,3811,11,2,13,1.266534,95,0.000421,0.000332,0.000332,0.000332,24.77462,24.77462,0.011331,0.014281,0.952849,0.027518,99.32159,0.070699,1,5,0,1,7,1,14,5,Benign
313,214442,3009,3811,11,2,13,1.266534,95,0.000421,0.000332,0.000332,0.000332,24.77462,24.77462,0.011331,0.014281,0.952849,0.027518,99.32159,0.070699,1,5,0,1,7,1,14,5,Benign
314,228741,3009,3811,11,2,13,1.266534,95,0.000421,0.000332,0.000332,0.000332,24.77462,24.77462,0.011331,0.014281,0.952849,0.027518,99.32159,0.070699,1,4,0,1,26,3,36,9,Benign
315,238163,3009,3811,11,2,13,1.266534,95,0.000421,0.000332,0.000332,0.000332,24.77462,24.77462,0.011331,0.014281,0.952849,0.027518,99.32159,0.070699,1,2,0,1,8,1,21,5,Benign
316,250217,3009,3811,11,2,13,1.266534,95,0.000421,0.000332,0.000332,0.000332,24.77462,24.77462,0.011331,0.014281,0.952849,0.027518,99.32159,0.070699,1,3,0,1,10,1,14,3,Benign
317,239640,3009,3811,11,2,13,1.266534,95,0.000421,0.000332,0.000332,0.000332,24.77462,24.77462,0.011331,0.014281,0.952849,0.027518,99.32159,0.070699,1,3,0,1,10,1,14,3,Benign
318,198644,3009,3811,11,2,13,1.266534,95,0.000421,0.000332,0.000332,0.000332,24.77462,24.77462,0.011331,0.014281,0.952849,0.027518,99.32159,0.070699,1,3,0,1,10,1,14,3,Benign
319,190980,3009,3811,11,2,13,1.266534,95,0.000421,0.000332,0.000332,0.000332,24.77462,24.77462,0.011331,0.014281,0.952849,0.027518,99.32159,0.070699,1,3,0,1,10,1,14,3,Benign
320,222670,3063,4308,46,2,47,1.406464,86,0.000459,0.000326,0.000326,0.000326,18.54797,18.54797,0.010123,0.001701,0.948604,0.060363,37.90571,0.10153,1,5,0,1,42,2,66,15,Benign
321,216835,3310,4099,6,2,7,1.238369,42,0.000374,0.000302,0.000302,0.000302,15.25341,15.25341,0.012538,0.000732,0.953839,0.036032,28.3443,0.154392,1,4,0,1,21,1,31,9,Benign
322,466094,3403,4080,4,2,6,1.198942,76,0.000352,0.000294,0.000294,0.000294,26.23239,26.23239,0.014418,0.005637,0.954993,0.015579,60.54753,0.001447,1,3,0,1,35,1,57,15,Benign
323,244191,3557,4610,13,2,14,1.296036,105,0.000364,0.000281,0.000281,0.000281,24.78611,24.78611,0.011714,0.00423,0.957266,0.065702,59.06663,0.195215,1,3,0,1,27,1,31,9,Benign
324,459247,3788,4766,19,3,20,1.258184,86,0.000332,0.000264,0.000264,0.000264,28.09638,28.09638,0.01171,0.003569,0.95852,0.034006,52.50688,0.122896,1,3,0,1,10,1,15,3,Benign
325,243381,3959,5159,14,2,16,1.303107,110,0.000329,0.000253,0.000253,0.000253,33.73527,33.73527,0.011578,0.010622,0.962981,0.036646,89.78888,0.08951,1,14,0,1,15,1,37,9,Benign
326,189672,4026,5240,14,3,16,1.30154,110,0.000323,0.000248,0.000248,0.000248,34.02573,34.02573,0.011491,0.010555,0.963054,0.036446,90.69431,0.091157,1,9,0,1,18,1,39,7,Benign
327,194856,4026,5240,14,3,16,1.30154,110,0.000323,0.000248,0.000248,0.000248,34.02573,34.02573,0.011491,0.010555,0.963054,0.036446,90.69431,0.091157,1,14,0,1,15,1,37,9,Benign
328,211572,4026,5240,14,3,16,1.30154,110,0.000323,0.000248,0.000248,0.000248,34.02573,34.02573,0.011491,0.010555,0.963054,0.036446,90.69431,0.091157,1,9,0,1,18,1,42,8,Benign
329,247110,4026,5240,14,3,16,1.30154,110,0.000323,0.000248,0.000248,0.000248,34.02573,34.02573,0.011491,0.010555,0.963054,0.036446,90.69431,0.091157,1,5,0,1,12,2,23,5,Benign
330,248287,4026,5240,14,3,16,1.30154,110,0.000323,0.000248,0.000248,0.000248,34.02573,34.02573,0.011491,0.010555,0.963054,0.036446,90.69431,0.091157,1,3,0,1,21,1,31,9,Benign
331,191313,4027,5241,14,3,16,1.301465,110,0.000323,0.000248,0.000248,0.000248,34.02498,34.02498,0.011489,0.010557,0.963141,0.036437,90.72812,0.091248,1,3,0,1,10,1,14,3,Benign
332,186023,4047,5675,27,2,28,1.402273,154,0.000347,0.000247,0.000247,0.000247,36.62659,36.62659,0.011813,0.012352,0.952464,0.101208,103.1906,0.104495,1,3,0,1,35,1,57,15,Benign
333,197164,4047,5675,27,2,28,1.402273,154,0.000347,0.000247,0.000247,0.000247,36.62659,36.62659,0.011813,0.012352,0.952464,0.101208,103.1906,0.104495,1,3,0,1,25,1,38,6,Benign
334,211758,4182,5155,9,2,10,1.232664,81,0.000295,0.000239,0.000239,0.000239,36.38174,36.38174,0.010444,0.006489,0.959783,0.018994,65.3395,0.125086,1,14,0,1,15,1,37,9,Benign
335,190964,4182,5155,9,2,10,1.232664,81,0.000295,0.000239,0.000239,0.000239,36.38174,36.38174,0.010444,0.006489,0.959783,0.018994,65.3395,0.125086,1,3,0,1,8,1,21,6,Benign
336,225885,4392,6003,6,4,7,1.366803,156,0.000311,0.000228,0.000228,0.000228,32.99692,32.99692,0.013152,0.008282,0.969035,0.057768,88.20315,-0.08109,1,3,0,1,10,1,14,3,Benign
337,186883,5565,7372,15,3,17,1.324708,154,0.000238,0.00018,0.00018,0.00018,44.41091,44.41091,0.007,0.005647,0.965589,0.033613,80.23815,0.026218,1,3,0,1,10,1,14,3,Benign
338,239621,6416,9610,11,8,13,1.497818,100,0.000233,0.000156,0.000156,0.000156,48.63453,48.63453,0.009471,0.003604,0.970283,0.060907,67.27053,0.01931,1,3,0,1,21,1,31,9,Benign
339,191988,6489,8152,23,23,24,1.25628,110,0.000194,0.000154,0.000154,0.000154,52.11705,52.11705,0.009803,0.005606,0.967352,0.028176,77.34475,-0.03338,1,3,0,1,10,1,15,3,Benign
340,183636,7204,9450,14,2,15,1.311771,157,0.000182,0.000139,0.000139,0.000139,33.5896,33.5896,0.009019,0.001674,0.96839,0.046966,63.47522,0.072219,1,3,0,1,10,1,14,3,Benign
341,196730,8276,11537,13,2,14,1.394031,105,0.000168,0.000121,0.000121,0.000121,58.60961,58.60961,0.008241,0.00389,0.970208,0.069353,81.35996,0.094023,1,3,0,1,10,1,14,3,Benign
342,233637,11521,15863,25,3,26,1.376877,285,0.00012,8.68E-05,8.68E-05,8.68E-05,74.94066,74.94066,0.007509,0.005658,0.974751,0.065119,118.2623,0.089148,1,3,0,1,35,1,57,15,Benign
343,455413,12187,16342,26,2,27,1.340937,90,0.00011,8.21E-05,8.21E-05,8.21E-05,27.52905,27.52905,0.008057,0.000645,0.973766,0.049115,75.96644,-0.07298,1,6,0,1,21,1,32,9,Benign
344,217202,12791,16197,100,3,101,1.266281,141,9.90E-05,7.82E-05,7.82E-05,7.82E-05,35.84586,35.84586,0.005848,0.001388,0.963985,0.030996,99.30093,0.136724,1,14,0,1,15,1,37,9,Benign
